use mytraview;

insert into user_info (user_email, user_name, user_phone, user_password)  values ('rhince0@miibeian.gov.cn', 'Rosabelle Hince', '607-345-3229', '3DCvYKwp');
insert into user_info (user_email, user_name, user_phone, user_password)  values ('rdunridge1@taobao.com', 'Rhodie Dunridge', '174-342-5435', 'tF6hSUiLcpR');
insert into user_info (user_email, user_name, user_phone, user_password)  values ('gblackston2@pen.io', 'Garwin Blackston', '782-902-5495', 'WxX9pT7tR');
insert into user_info (user_email, user_name, user_phone, user_password)  values ('bduguid3@psu.edu', 'Brand Duguid', '312-380-9830', 'J2Gh8eKf7j');
insert into user_info (user_email, user_name, user_phone, user_password)  values ('kgerritzen4@hostgator.com', 'Kellen Gerritzen', '337-240-7325', 'JNm7yQj7EPG');
insert into user_info (user_email, user_name, user_phone, user_password)  values ('htale5@go.com', 'Henri Tale', '580-705-8248', 'KQHD9E');
insert into user_info (user_email, user_name, user_phone, user_password)  values ('whubbold6@woothemes.com', 'Wayne Hubbold', '484-590-6045', 'JVaq5lLK45');
insert into user_info (user_email, user_name, user_phone, user_password)  values ('gbuffy7@usgs.gov', 'Glynnis Buffy', '369-475-7520', 'ef3vHlQ');
insert into user_info (user_email, user_name, user_phone, user_password)  values ('kmapp8@live.com', 'Kerri Mapp', '719-363-2657', 'lwHK127gPa');
insert into user_info (user_email, user_name, user_phone, user_password)  values ('gbawden9@mysql.com', 'Gannie Bawden', '632-469-0724', '9JlOe2cLFS3');
insert into user_info (user_email, user_name, user_phone, user_password)  values ('pclencha@myspace.com', 'Phillida Clench', '144-216-3965', 'K6q1naMh');
insert into user_info (user_email, user_name, user_phone, user_password)  values ('ngrisenthwaiteb@smugmug.com', 'Nichole Grisenthwaite', '469-582-1562', 'K1LVsRIfeV5');
insert into user_info (user_email, user_name, user_phone, user_password)  values ('aingoldc@yandex.ru', 'Aura Ingold', '697-425-6006', 'JD9CHStVHF6');
insert into user_info (user_email, user_name, user_phone, user_password)  values ('ggreyd@adobe.com', 'Giff Grey', '502-785-3287', 'Kc55UIVJB8');
insert into user_info (user_email, user_name, user_phone, user_password)  values ('hklimowskie@japanpost.jp', 'Halli Klimowski', '163-376-5501', 'D4T73G9');
insert into user_info (user_email, user_name, user_phone, user_password)  values ('gelleryf@omniture.com', 'Grete Ellery', '372-995-3127', 'RkyjHo6GzMG');
insert into user_info (user_email, user_name, user_phone, user_password)  values ('adufourg@cyberchimps.com', 'Alberik Dufour', '573-728-7458', '2MiFplupPZ');
insert into user_info (user_email, user_name, user_phone, user_password)  values ('piozefovichh@bigcartel.com', 'Paige Iozefovich', '930-196-3892', 'lo7yL4OOn6e');
insert into user_info (user_email, user_name, user_phone, user_password)  values ('fsellneri@1und1.de', 'Fabe Sellner', '998-881-9977', '81nU0cjKG');
insert into user_info (user_email, user_name, user_phone, user_password)  values ('omacenellyj@deliciousdays.com', 'Orin MacEnelly', '446-679-8489', 'EKJDsUI');
insert into user_info (user_email, user_name, user_phone, user_password)  values ('fgormank@pagesperso-orange.fr', 'Fianna Gorman', '232-447-7984', 'N2hZZV7hYP3E');
insert into user_info (user_email, user_name, user_phone, user_password)  values ('gmongenotl@scientificamerican.com', 'Gusti Mongenot', '643-617-2959', 'gbITILgLYEP');
insert into user_info (user_email, user_name, user_phone, user_password)  values ('tkuscham@wp.com', 'Tori Kuscha', '484-787-2787', 'Imbk71zSiPI');
insert into user_info (user_email, user_name, user_phone, user_password)  values ('wlarchern@rediff.com', 'Wren Larcher', '740-232-5562', 'xUDooxOs8Sue');
insert into user_info (user_email, user_name, user_phone, user_password)  values ('aterrillo@seesaa.net', 'Abdel Terrill', '315-339-6887', 'DtZGh15TJFV');
insert into user_info (user_email, user_name, user_phone, user_password)  values ('rbrislandp@about.com', 'Rudiger Brisland', '896-254-7545', '3mSy5oV9g');
insert into user_info (user_email, user_name, user_phone, user_password)  values ('nheindrichq@google.com', 'Nicola Heindrich', '699-475-0964', 'aytk4Ej');
insert into user_info (user_email, user_name, user_phone, user_password)  values ('vpeapler@berkeley.edu', 'Vassily Peaple', '396-296-2120', 'K6GGTeaAGmln');
insert into user_info (user_email, user_name, user_phone, user_password)  values ('jcuffins@aol.com', 'Jareb Cuffin', '720-533-2393', 'u8xFyUUgOp1');
insert into user_info (user_email, user_name, user_phone, user_password)  values ('pmealhamt@thetimes.co.uk', 'Paulo Mealham', '709-299-9410', 'ZhxpDd1NH9j');
insert into user_info (user_email, user_name, user_phone, user_password)  values ('droderhamu@naver.com', 'Doll Roderham', '251-380-0240', 'lzgIOtg3pt');
insert into user_info (user_email, user_name, user_phone, user_password)  values ('acorbenv@123-reg.co.uk', 'Angel Corben', '200-691-2209', 'PuRvL0s3zp0');
insert into user_info (user_email, user_name, user_phone, user_password)  values ('cdunsmorew@nifty.com', 'Cookie Dunsmore', '930-736-9959', 'voGHSAI');
insert into user_info (user_email, user_name, user_phone, user_password)  values ('ybyforthx@vistaprint.com', 'Yuri Byforth', '349-726-6505', 'qrhWRlCXr');
insert into user_info (user_email, user_name, user_phone, user_password)  values ('tdemanueley@typepad.com', 'Tedda Dmanuele', '843-760-1199', 'NV4DGf');
insert into user_info (user_email, user_name, user_phone, user_password)  values ('vcasaroliz@linkedin.com', 'Verine Casaroli', '139-462-2567', 'OiFhN4WMM5');
insert into user_info (user_email, user_name, user_phone, user_password)  values ('fde10@desdev.cn', 'Friedrick De Angelis', '644-426-9701', 'IYbvnRkjngPy');
insert into user_info (user_email, user_name, user_phone, user_password)  values ('wlindenbaum11@nhs.uk', 'Waldemar Lindenbaum', '206-876-5750', 'QosRFwD0jk');
insert into user_info (user_email, user_name, user_phone, user_password)  values ('lsantino12@dell.com', 'Linnet Santino', '814-724-8573', 'gLzRpkcELKd');
insert into user_info (user_email, user_name, user_phone, user_password)  values ('cliversage13@webmd.com', 'Chelsie Liversage', '817-589-6314', 'Q9PW6M');
insert into user_info (user_email, user_name, user_phone, user_password)  values ('nmcilhone14@telegraph.co.uk', 'Nappie McIlhone', '949-860-7962', 'wsSeMXkR');
insert into user_info (user_email, user_name, user_phone, user_password)  values ('ghabbershon15@google.ru', 'Gearard Habbershon', '569-742-0131', 'iXtxu86tNxS');
insert into user_info (user_email, user_name, user_phone, user_password)  values ('sbetun16@baidu.com', 'Shelby Betun', '431-117-2890', 'vfoE6qbo');
insert into user_info (user_email, user_name, user_phone, user_password)  values ('mburgisi17@umn.edu', 'Maxy Burgisi', '319-398-2156', '1aWUja7');
insert into user_info (user_email, user_name, user_phone, user_password)  values ('ndewdeny18@macromedia.com', 'Neale Dewdeny', '534-128-6819', 'jkcXshVPGgDQ');
insert into user_info (user_email, user_name, user_phone, user_password)  values ('ychubb19@wiley.com', 'Yale Chubb', '710-958-3726', 'KRhcOYfFASse');
insert into user_info (user_email, user_name, user_phone, user_password)  values ('tmillam1a@sourceforge.net', 'Thea Millam', '830-768-1095', 'xI8hlMvINN');
insert into user_info (user_email, user_name, user_phone, user_password)  values ('gbriamo1b@youtu.be', 'Gaultiero Briamo', '670-353-3917', 'L15jSVYgnoId');
insert into user_info (user_email, user_name, user_phone, user_password)  values ('vwainman1c@cafepress.com', 'Vanni Wainman', '189-582-4202', 'pXpf16HCN5h');
insert into user_info (user_email, user_name, user_phone, user_password)  values ('smunro1d@com.com', 'Siobhan Munro', '967-712-7266', 'o7JXMvbP');
insert into user_info (user_email, user_name, user_phone, user_password)  values ('mmerigon1e@meetup.com', 'Marni Merigon', '927-135-3447', 'RmU67YNQia');
insert into user_info (user_email, user_name, user_phone, user_password)  values ('potter1f@elegantthemes.com', 'Pet Otter', '244-672-5378', 'LNWsjQl7Y');
insert into user_info (user_email, user_name, user_phone, user_password)  values ('ajinkinson1g@telegraph.co.uk', 'Adriaens Jinkinson', '795-192-5359', 'zoR5pLRXy2c');
insert into user_info (user_email, user_name, user_phone, user_password)  values ('zfibbens1h@cam.ac.uk', 'Zitella Fibbens', '153-506-2260', 'OxoT2b');
insert into user_info (user_email, user_name, user_phone, user_password)  values ('rflawith1i@csmonitor.com', 'Roanne Flawith', '524-241-6060', 'SiS2iMb');
insert into user_info (user_email, user_name, user_phone, user_password)  values ('brickerd1j@edublogs.org', 'Benita Rickerd', '487-871-5262', 'g8WjJJa');
insert into user_info (user_email, user_name, user_phone, user_password)  values ('cviccars1k@imageshack.us', 'Chris Viccars', '905-964-7525', '6NirCBWzWUQ');
insert into user_info (user_email, user_name, user_phone, user_password)  values ('godocherty1l@wp.com', 'Genvieve ODocherty', '511-555-6993', 'dIm0dwNbhZW');
insert into user_info (user_email, user_name, user_phone, user_password)  values ('cbentje1m@mozilla.com', 'Chilton Bentje', '127-577-4879', 'AlTKsAEBYD');
insert into user_info (user_email, user_name, user_phone, user_password)  values ('acasero1n@go.com', 'Alika Casero', '962-363-2193', 'HvX8EfVsTnj');
insert into user_info (user_email, user_name, user_phone, user_password)  values ('cconry1o@tinypic.com', 'Conant Conry', '224-647-2432', '3pH1yDRkH');
insert into user_info (user_email, user_name, user_phone, user_password)  values ('mdockray1p@wordpress.com', 'Maximo Dockray', '635-202-4420', 'BkSyKfeev');
insert into user_info (user_email, user_name, user_phone, user_password)  values ('cthow1q@bbb.org', 'Carissa Thow', '208-652-2368', 'wuAoj9lmzNCM');
insert into user_info (user_email, user_name, user_phone, user_password)  values ('smarkus1r@tinyurl.com', 'Suellen Markus', '691-484-8480', 'wYLJwQA');
insert into user_info (user_email, user_name, user_phone, user_password)  values ('nbedrosian1s@stumbleupon.com', 'Nap Bedrosian', '100-977-8734', '36ICveiEWF');
insert into user_info (user_email, user_name, user_phone, user_password)  values ('lconfait1t@1688.com', 'Lanna Confait', '259-738-3671', 'kHptwAcvby3W');
insert into user_info (user_email, user_name, user_phone, user_password)  values ('byuille1u@canalblog.com', 'Briana Yuille', '216-981-8746', 'je5q1wvEzJc2');
insert into user_info (user_email, user_name, user_phone, user_password)  values ('pcaudelier1v@goo.gl', 'Philip Caudelier', '825-884-7672', 'w6BvKFpGodl');
insert into user_info (user_email, user_name, user_phone, user_password)  values ('rleetham1w@acquirethisname.com', 'Raven Leetham', '943-720-9148', 'WIrpPgw');
insert into user_info (user_email, user_name, user_phone, user_password)  values ('bmcgurgan1x@sfgate.com', 'Brunhilda McGurgan', '476-413-7485', 'iLX75DGh');
insert into user_info (user_email, user_name, user_phone, user_password)  values ('gkeysall1y@fastcompany.com', 'Geraldine Keysall', '949-290-4517', 'uYRLNxjfbm5');
insert into user_info (user_email, user_name, user_phone, user_password)  values ('pdicken1z@accuweather.com', 'Paddy Dicken', '429-447-1409', 'di4VGKlwSv');
insert into user_info (user_email, user_name, user_phone, user_password)  values ('hnettles20@weather.com', 'Holly Nettles', '369-709-9952', 'TRQC8fvudT');
insert into user_info (user_email, user_name, user_phone, user_password)  values ('hgilkes21@weather.com', 'Harriott Gilkes', '991-863-0270', 'opH235');
insert into user_info (user_email, user_name, user_phone, user_password)  values ('tboulde22@ameblo.jp', 'Tessa Boulde', '811-386-7279', 'xQdDTQW8');
insert into user_info (user_email, user_name, user_phone, user_password)  values ('mhuntall23@freewebs.com', 'Milzie Huntall', '449-689-0169', 'SgbWTxKz');
insert into user_info (user_email, user_name, user_phone, user_password)  values ('aboumphrey24@example.com', 'Aldon Boumphrey', '944-432-6822', '79f6MIr');
insert into user_info (user_email, user_name, user_phone, user_password)  values ('acuckson25@state.tx.us', 'Arabele Cuckson', '511-802-9810', 'leEllWN');
insert into user_info (user_email, user_name, user_phone, user_password)  values ('pfenlon26@samsung.com', 'Pinchas Fenlon', '332-469-9054', 'S7RYFakYTb');
insert into user_info (user_email, user_name, user_phone, user_password)  values ('jgyppes27@mac.com', 'Julie Gyppes', '983-561-0164', 'dxcx7COpj');
insert into user_info (user_email, user_name, user_phone, user_password)  values ('npea28@hatena.ne.jp', 'Nickolas Pea', '424-228-5553', 'OM2lX7o7RYy');
insert into user_info (user_email, user_name, user_phone, user_password)  values ('jquaife29@businessinsider.com', 'Jillene Quaife', '591-804-3382', 'rFDsPWMEDip');
insert into user_info (user_email, user_name, user_phone, user_password)  values ('esurgison2a@mysql.com', 'Ester Surgison', '215-677-6714', 'PbIKtXhzs9');
insert into user_info (user_email, user_name, user_phone, user_password)  values ('ppatten2b@trellian.com', 'Page Patten', '251-266-7917', 'xapNZLXEU4');
insert into user_info (user_email, user_name, user_phone, user_password)  values ('ebackson2c@umich.edu', 'Elmore Backson', '350-551-6421', '3yIi3PpR');
insert into user_info (user_email, user_name, user_phone, user_password)  values ('jbog2d@ibm.com', 'Jordan Bog', '723-888-2201', 'wgxhQXvcLvn');
insert into user_info (user_email, user_name, user_phone, user_password)  values ('rmactimpany2e@earthlink.net', 'Robbyn MacTimpany', '315-457-2344', 'UbrUcY7');
insert into user_info (user_email, user_name, user_phone, user_password)  values ('lperillo2f@cisco.com', 'Leona Perillo', '951-784-4345', 'qvOVAZVdUdx');
insert into user_info (user_email, user_name, user_phone, user_password)  values ('mmarskell2g@simplemachines.org', 'Mellie Marskell', '544-737-8376', 'GKVpj19a');
insert into user_info (user_email, user_name, user_phone, user_password)  values ('cwanell2h@google.de', 'Carlie Wanell', '498-543-6175', 'rKlAueJP');
insert into user_info (user_email, user_name, user_phone, user_password)  values ('cskillitt2i@instagram.com', 'Cathleen Skillitt', '686-717-3816', 'WYfzDBNFYb8');
insert into user_info (user_email, user_name, user_phone, user_password)  values ('hpittoli2j@domainmarket.com', 'Hettie Pittoli', '733-902-1848', '2cTgax');
insert into user_info (user_email, user_name, user_phone, user_password)  values ('bconers2k@independent.co.uk', 'Barbey Coners', '932-117-1232', 'wvZepf3yhXUG');
insert into user_info (user_email, user_name, user_phone, user_password)  values ('aerdis2l@ed.gov', 'Annabelle Erdis', '315-723-0876', 'ZVtbaaOQb');
insert into user_info (user_email, user_name, user_phone, user_password)  values ('kplet2m@ask.com', 'Kerby Plet', '579-350-3438', 'uet93Ax');
insert into user_info (user_email, user_name, user_phone, user_password)  values ('yfirle2n@paginegialle.it', 'Yank Firle', '189-796-4943', 'h319Fsxk');
insert into user_info (user_email, user_name, user_phone, user_password)  values ('breace2o@weebly.com', 'Basia Reace', '959-801-4809', 'm3Our48');
insert into user_info (user_email, user_name, user_phone, user_password)  values ('mgotts2p@fc2.com', 'Minnnie Gotts', '929-879-5301', 'EA2VvwdF');
insert into user_info (user_email, user_name, user_phone, user_password)  values ('gfermin2q@cbc.ca', 'Guntar Fermin', '412-684-0012', 'P8Y0MHki61hL');
insert into user_info (user_email, user_name, user_phone, user_password)  values ('ateas2r@walmart.com', 'Anselma Teas', '516-494-4068', 'gp6Cwjic4fR7');
commit;

insert into bookmark (bookmark_id, bookmark_name, user_user_email)  values (1, 'My Mom Is a Character (Minha Mãe é uma Peça: O Filme)', 'rhince0@miibeian.gov.cn');
insert into bookmark (bookmark_id, bookmark_name, user_user_email)  values (2, 'Roadie', 'rdunridge1@taobao.com');
insert into bookmark (bookmark_id, bookmark_name, user_user_email)  values (3, 'Vesna va veloce', 'gblackston2@pen.io');
insert into bookmark (bookmark_id, bookmark_name, user_user_email)  values (4, 'AVP: Alien vs. Predator', 'bduguid3@psu.edu');
insert into bookmark (bookmark_id, bookmark_name, user_user_email)  values (5, 'Ice Age: A Mammoth Christmas', 'kgerritzen4@hostgator.com');
insert into bookmark (bookmark_id, bookmark_name, user_user_email)  values (6, 'Pretty Good for a Human (People Not as Bad as They Seem) (Aika hyvä ihmiseksi)', 'htale5@go.com');
insert into bookmark (bookmark_id, bookmark_name, user_user_email)  values (7, 'Mooz-lum', 'whubbold6@woothemes.com');
insert into bookmark (bookmark_id, bookmark_name, user_user_email)  values (8, 'Tuff Turf', 'gbuffy7@usgs.gov');
insert into bookmark (bookmark_id, bookmark_name, user_user_email)  values (9, 'Once Around', 'kmapp8@live.com');
insert into bookmark (bookmark_id, bookmark_name, user_user_email)  values (10, 'Sapphires, The', 'gbawden9@mysql.com');
insert into bookmark (bookmark_id, bookmark_name, user_user_email)  values (11, 'Hunted, The', 'pclencha@myspace.com');
insert into bookmark (bookmark_id, bookmark_name, user_user_email)  values (12, 'Reeds, The', 'ngrisenthwaiteb@smugmug.com');
insert into bookmark (bookmark_id, bookmark_name, user_user_email)  values (13, 'Once Upon a Time in China and America (Wong Fei Hung: Chi sai wik hung see)', 'aingoldc@yandex.ru');
insert into bookmark (bookmark_id, bookmark_name, user_user_email)  values (14, 'The Facility', 'ggreyd@adobe.com');
insert into bookmark (bookmark_id, bookmark_name, user_user_email)  values (15, 'Deuce Bigalow: European Gigolo', 'hklimowskie@japanpost.jp');
insert into bookmark (bookmark_id, bookmark_name, user_user_email)  values (16, 'Where the Wild Things Are', 'gelleryf@omniture.com');
insert into bookmark (bookmark_id, bookmark_name, user_user_email)  values (17, 'Red Ensign', 'adufourg@cyberchimps.com');
insert into bookmark (bookmark_id, bookmark_name, user_user_email)  values (18, 'Beneath the Darkness', 'piozefovichh@bigcartel.com');
insert into bookmark (bookmark_id, bookmark_name, user_user_email)  values (19, 'Battery, The', 'fsellneri@1und1.de');
insert into bookmark (bookmark_id, bookmark_name, user_user_email)  values (20, 'World of Kanako, The (Kawaki.)', 'omacenellyj@deliciousdays.com');
insert into bookmark (bookmark_id, bookmark_name, user_user_email)  values (21, 'Rumble on the Docks', 'fgormank@pagesperso-orange.fr');
insert into bookmark (bookmark_id, bookmark_name, user_user_email)  values (22, 'Dreams That Money Can Buy', 'gmongenotl@scientificamerican.com');
insert into bookmark (bookmark_id, bookmark_name, user_user_email)  values (23, 'Waterloo Bridge', 'tkuscham@wp.com');
insert into bookmark (bookmark_id, bookmark_name, user_user_email)  values (24, 'Taxing Woman, A (Marusa no onna)', 'wlarchern@rediff.com');
insert into bookmark (bookmark_id, bookmark_name, user_user_email)  values (25, 'Family Guy Presents: Its a Trap', 'aterrillo@seesaa.net');
insert into bookmark (bookmark_id, bookmark_name, user_user_email)  values (26, 'The Humanoid', 'rbrislandp@about.com');
insert into bookmark (bookmark_id, bookmark_name, user_user_email)  values (27, 'Delicatessen', 'nheindrichq@google.com');
insert into bookmark (bookmark_id, bookmark_name, user_user_email)  values (28, 'Scavenger Hunt', 'vpeapler@berkeley.edu');
insert into bookmark (bookmark_id, bookmark_name, user_user_email)  values (29, 'Without Lying Down: Frances Marion and the Power of Women in Hollywood', 'jcuffins@aol.com');
insert into bookmark (bookmark_id, bookmark_name, user_user_email)  values (30, 'Jo Jo Dancer, Your Life is Calling', 'pmealhamt@thetimes.co.uk');
insert into bookmark (bookmark_id, bookmark_name, user_user_email)  values (31, 'Make Way for Tomorrow', 'droderhamu@naver.com');
commit;

insert into article (article_id, article_content, article_heart_count, article_title, article_upload_date, article_view_count, user_user_email, bookmark_bookmark_id)  values (2, '99014 American Crossing', 0, 'Civil Engineer', '2022-12-21', 0, 'rdunridge1@taobao.com', 8);
insert into article (article_id, article_content, article_heart_count, article_title, article_upload_date, article_view_count, user_user_email, bookmark_bookmark_id)  values (3, '52865 Goodland Pass', 0, 'VP Product Management', '2022-12-22', 0, 'gblackston2@pen.io', 29);
insert into article (article_id, article_content, article_heart_count, article_title, article_upload_date, article_view_count, user_user_email, bookmark_bookmark_id)  values (4, '96 Menomonie Plaza', 0, 'Human Resources Manager', '2022-12-23', 0, 'bduguid3@psu.edu', 26);
insert into article (article_id, article_content, article_heart_count, article_title, article_upload_date, article_view_count, user_user_email, bookmark_bookmark_id)  values (5, '81481 Gerald Point', 0, 'Web Developer IV', '2022-12-24', 0, 'kgerritzen4@hostgator.com', 21);
insert into article (article_id, article_content, article_heart_count, article_title, article_upload_date, article_view_count, user_user_email, bookmark_bookmark_id)  values (6, '7 Summer Ridge Way', 0, 'Electrical Engineer', '2022-12-25', 0, 'htale5@go.com', 25);
insert into article (article_id, article_content, article_heart_count, article_title, article_upload_date, article_view_count, user_user_email, bookmark_bookmark_id)  values (7, '27110 Kenwood Park', 0, 'Junior Executive', '2022-12-26', 0, 'whubbold6@woothemes.com', 6);
insert into article (article_id, article_content, article_heart_count, article_title, article_upload_date, article_view_count, user_user_email, bookmark_bookmark_id)  values (8, '94 Butternut Drive', 0, 'Sales Associate', '2022-12-27', 0, 'gbuffy7@usgs.gov', 4);
insert into article (article_id, article_content, article_heart_count, article_title, article_upload_date, article_view_count, user_user_email, bookmark_bookmark_id)  values (9, '14 Fieldstone Plaza', 0, 'Quality Control Specialist', '2022-12-28', 0, 'kmapp8@live.com', 12);
insert into article (article_id, article_content, article_heart_count, article_title, article_upload_date, article_view_count, user_user_email, bookmark_bookmark_id)  values (10, '6 Esker Lane', 0, 'Quality Control Specialist', '2022-12-29', 0, 'gbawden9@mysql.com', 22);
insert into article (article_id, article_content, article_heart_count, article_title, article_upload_date, article_view_count, user_user_email, bookmark_bookmark_id)  values (11, '878 Service Pass', 0, 'Community Outreach Specialist', '2022-12-30', 0, 'rhince0@miibeian.gov.cn', 2);
insert into article (article_id, article_content, article_heart_count, article_title, article_upload_date, article_view_count, user_user_email, bookmark_bookmark_id)  values (12, '62 Lyons Point', 0, 'Staff Scientist', '2022-12-31', 0, 'rdunridge1@taobao.com', 8);
insert into article (article_id, article_content, article_heart_count, article_title, article_upload_date, article_view_count, user_user_email, bookmark_bookmark_id)  values (13, '00 Rowland Road', 0, 'Occupational Therapist', '2023-01-01', 0, 'gblackston2@pen.io', 4);
insert into article (article_id, article_content, article_heart_count, article_title, article_upload_date, article_view_count, user_user_email, bookmark_bookmark_id)  values (14, '46003 Coolidge Way', 0, 'Analyst Programmer', '2023-01-02', 0, 'bduguid3@psu.edu', 23);
insert into article (article_id, article_content, article_heart_count, article_title, article_upload_date, article_view_count, user_user_email, bookmark_bookmark_id)  values (15, '99088 Roth Plaza', 0, 'Teacher', '2023-01-03', 0, 'kgerritzen4@hostgator.com', 15);
insert into article (article_id, article_content, article_heart_count, article_title, article_upload_date, article_view_count, user_user_email, bookmark_bookmark_id)  values (16, '84 Stang Terrace', 0, 'Junior Executive', '2023-01-04', 0, 'whubbold6@woothemes.com', 22);
insert into article (article_id, article_content, article_heart_count, article_title, article_upload_date, article_view_count, user_user_email, bookmark_bookmark_id)  values (17, '989 Beilfuss Junction', 0, 'Speech Pathologist', '2023-01-05', 0, 'gbuffy7@usgs.gov', 18);
insert into article (article_id, article_content, article_heart_count, article_title, article_upload_date, article_view_count, user_user_email, bookmark_bookmark_id)  values (18, '1 Lerdahl Center', 0, 'Librarian', '2023-01-06', 0, 'kmapp8@live.com', 26);
insert into article (article_id, article_content, article_heart_count, article_title, article_upload_date, article_view_count, user_user_email, bookmark_bookmark_id)  values (19, '1664 Forest Run Pass', 0, 'Senior Financial Analyst', '2023-01-07', 0, 'gbawden9@mysql.com', 9);
insert into article (article_id, article_content, article_heart_count, article_title, article_upload_date, article_view_count, user_user_email, bookmark_bookmark_id)  values (20, '5 Judy Way', 0, 'Mechanical Systems Engineer', '2023-01-08', 0, 'rhince0@miibeian.gov.cn', 20);
insert into article (article_id, article_content, article_heart_count, article_title, article_upload_date, article_view_count, user_user_email, bookmark_bookmark_id)  values (21, '73626 North Court', 0, 'Professor', '2023-01-09', 0, 'rdunridge1@taobao.com', 16);
insert into article (article_id, article_content, article_heart_count, article_title, article_upload_date, article_view_count, user_user_email, bookmark_bookmark_id)  values (22, '603 Carpenter Circle', 0, 'Teacher', '2023-01-10', 0, 'gblackston2@pen.io', 25);
insert into article (article_id, article_content, article_heart_count, article_title, article_upload_date, article_view_count, user_user_email, bookmark_bookmark_id)  values (23, '677 Hanson Parkway', 0, 'Systems Administrator IV', '2023-01-11', 0, 'bduguid3@psu.edu', 15);
insert into article (article_id, article_content, article_heart_count, article_title, article_upload_date, article_view_count, user_user_email, bookmark_bookmark_id)  values (24, '09 Burning Wood Hill', 0, 'Paralegal', '2023-01-12', 0, 'kmapp8@live.com', 17);
insert into article (article_id, article_content, article_heart_count, article_title, article_upload_date, article_view_count, user_user_email, bookmark_bookmark_id)  values (25, '27306 Surrey Place', 0, 'Financial Advisor', '2023-01-13', 0, 'gbawden9@mysql.com', 26);
insert into article (article_id, article_content, article_heart_count, article_title, article_upload_date, article_view_count, user_user_email, bookmark_bookmark_id)  values (26, '85051 Reindahl Junction', 0, 'Editor', '2023-01-14', 0, 'rhince0@miibeian.gov.cn', 16);
insert into article (article_id, article_content, article_heart_count, article_title, article_upload_date, article_view_count, user_user_email, bookmark_bookmark_id)  values (27, '06593 Ronald Regan Lane', 0, 'Staff Scientist', '2023-01-15', 0, 'rdunridge1@taobao.com', 30);
insert into article (article_id, article_content, article_heart_count, article_title, article_upload_date, article_view_count, user_user_email, bookmark_bookmark_id)  values (28, '06660 Judy Lane', 0, 'Civil Engineer', '2023-01-16', 0, 'gblackston2@pen.io', 31);
commit;


insert into comment (comment_id, comment_content, article_article_id, user_user_email)  values (1, 'Beneath the Darkness', 25, 'rhince0@miibeian.gov.cn');
insert into comment (comment_id, comment_content, article_article_id, user_user_email)  values (2, 'Battery, The', 17, 'rdunridge1@taobao.com');
insert into comment (comment_id, comment_content, article_article_id, user_user_email)  values (3, 'World of Kanako, The (Kawaki.)', 21, 'gblackston2@pen.io');
insert into comment (comment_id, comment_content, article_article_id, user_user_email)  values (4, 'Rumble on the Docks', 3, 'bduguid3@psu.edu');
insert into comment (comment_id, comment_content, article_article_id, user_user_email)  values (5, 'Dreams That Money Can Buy', 16, 'kgerritzen4@hostgator.com');
insert into comment (comment_id, comment_content, article_article_id, user_user_email)  values (6, 'Waterloo Bridge', 5, 'htale5@go.com');
insert into comment (comment_id, comment_content, article_article_id, user_user_email)  values (7, 'Taxing Woman, A (Marusa no onna)', 20, 'whubbold6@woothemes.com');
insert into comment (comment_id, comment_content, article_article_id, user_user_email)  values (8, 'Family Guy Presents: Its a Trap', 8, 'gbuffy7@usgs.gov');
insert into comment (comment_id, comment_content, article_article_id, user_user_email)  values (9, 'The Humanoid', 4, 'kmapp8@live.com');
insert into comment (comment_id, comment_content, article_article_id, user_user_email)  values (10, 'Delicatessen', 19, 'gbawden9@mysql.com');

insert into comment (comment_id, comment_content, comment_parent_id, article_article_id, user_user_email)  values (11, 'Scavenger Hunt', 1, 22, 'pclencha@myspace.com');
insert into comment (comment_id, comment_content, comment_parent_id, article_article_id, user_user_email)  values (12, 'Without Lying Down: Frances Marion and the Power of Women in Hollywood', 2, 2, 'ngrisenthwaiteb@smugmug.com');
insert into comment (comment_id, comment_content, comment_parent_id, article_article_id, user_user_email)  values (13, 'Jo Jo Dancer, Your Life is Calling', 3, 14, 'aingoldc@yandex.ru');
insert into comment (comment_id, comment_content, comment_parent_id, article_article_id, user_user_email)  values (14, 'Make Way for Tomorrow', 4, 27, 'ggreyd@adobe.com');
insert into comment (comment_id, comment_content, comment_parent_id, article_article_id, user_user_email)  values (15, 'Survival Quest', 5, 6, 'hklimowskie@japanpost.jp');
insert into comment (comment_id, comment_content, comment_parent_id, article_article_id, user_user_email)  values (16, '27 Missing Kisses', 6, 19, 'gelleryf@omniture.com');
insert into comment (comment_id, comment_content, comment_parent_id, article_article_id, user_user_email)  values (17, 'Tin Cup', 7, 23, 'adufourg@cyberchimps.com');
insert into comment (comment_id, comment_content, comment_parent_id, article_article_id, user_user_email)  values (18, 'Free Will, The (Freie Wille, Der)', 8, 4, 'piozefovichh@bigcartel.com');
insert into comment (comment_id, comment_content, comment_parent_id, article_article_id, user_user_email)  values (19, 'American Winter', 9, 28, 'fsellneri@1und1.de');
insert into comment (comment_id, comment_content, comment_parent_id, article_article_id, user_user_email)  values (20, 'Un vampiro para dos', 10, 6, 'omacenellyj@deliciousdays.com');
insert into comment (comment_id, comment_content, comment_parent_id, article_article_id, user_user_email)  values (21, 'Subspecies IV: Bloodstorm', 10, 9, 'fgormank@pagesperso-orange.fr');
insert into comment (comment_id, comment_content, comment_parent_id, article_article_id, user_user_email)  values (22, 'Ballad of Narayama, The (Narayama bushiko)', 10, 26, 'gmongenotl@scientificamerican.com');
commit;

insert into heart (heart_id, heart_article_id, user_user_email)  values (1, 15, 'rhince0@miibeian.gov.cn');
insert into heart (heart_id, heart_article_id, user_user_email)  values (2, 22, 'rdunridge1@taobao.com');
insert into heart (heart_id, heart_article_id, user_user_email)  values (3, 17, 'gblackston2@pen.io');
insert into heart (heart_id, heart_article_id, user_user_email)  values (4, 14, 'bduguid3@psu.edu');
insert into heart (heart_id, heart_article_id, user_user_email)  values (5, 21, 'kgerritzen4@hostgator.com');
insert into heart (heart_id, heart_article_id, user_user_email)  values (6, 18, 'htale5@go.com');
insert into heart (heart_id, heart_article_id, user_user_email)  values (7, 20, 'whubbold6@woothemes.com');
insert into heart (heart_id, heart_article_id, user_user_email)  values (8, 13, 'gbuffy7@usgs.gov');
insert into heart (heart_id, heart_article_id, user_user_email)  values (9, 1, 'kmapp8@live.com');
insert into heart (heart_id, heart_article_id, user_user_email)  values (10, 25, 'gbawden9@mysql.com');
insert into heart (heart_id, heart_article_id, user_user_email)  values (11, 9, 'pclencha@myspace.com');
insert into heart (heart_id, heart_article_id, user_user_email)  values (12, 8, 'ngrisenthwaiteb@smugmug.com');
insert into heart (heart_id, heart_article_id, user_user_email)  values (13, 17, 'aingoldc@yandex.ru');
insert into heart (heart_id, heart_article_id, user_user_email)  values (14, 9, 'ggreyd@adobe.com');
insert into heart (heart_id, heart_article_id, user_user_email)  values (15, 25, 'hklimowskie@japanpost.jp');
insert into heart (heart_id, heart_article_id, user_user_email)  values (16, 28, 'gelleryf@omniture.com');
insert into heart (heart_id, heart_article_id, user_user_email)  values (17, 3, 'adufourg@cyberchimps.com');
insert into heart (heart_id, heart_article_id, user_user_email)  values (18, 16, 'piozefovichh@bigcartel.com');
insert into heart (heart_id, heart_article_id, user_user_email)  values (19, 20, 'fsellneri@1und1.de');
insert into heart (heart_id, heart_article_id, user_user_email)  values (20, 11, 'omacenellyj@deliciousdays.com');
insert into heart (heart_id, heart_article_id, user_user_email)  values (21, 18, 'fgormank@pagesperso-orange.fr');
insert into heart (heart_id, heart_article_id, user_user_email)  values (22, 9, 'gmongenotl@scientificamerican.com');
insert into heart (heart_id, heart_article_id, user_user_email)  values (23, 24, 'tkuscham@wp.com');
insert into heart (heart_id, heart_article_id, user_user_email)  values (24, 4, 'wlarchern@rediff.com');
insert into heart (heart_id, heart_article_id, user_user_email)  values (25, 23, 'aterrillo@seesaa.net');
insert into heart (heart_id, heart_article_id, user_user_email)  values (26, 13, 'rbrislandp@about.com');
insert into heart (heart_id, heart_article_id, user_user_email)  values (27, 7, 'nheindrichq@google.com');
insert into heart (heart_id, heart_article_id, user_user_email)  values (28, 1, 'vpeapler@berkeley.edu');
insert into heart (heart_id, heart_article_id, user_user_email)  values (29, 22, 'jcuffins@aol.com');
insert into heart (heart_id, heart_article_id, user_user_email)  values (30, 3, 'pmealhamt@thetimes.co.uk');
insert into heart (heart_id, heart_article_id, user_user_email)  values (31, 6, 'droderhamu@naver.com');
commit;

insert into place (place_id, place_area_code, place_category, place_map_x, place_map_y, place_name, place_rating, article_article_id)  values (1, 58, '숙박', 35.547333, 112.901438, 'Sawyer County Airport', 4, 28);
insert into place (place_id, place_area_code, place_category, place_map_x, place_map_y, place_name, place_rating, article_article_id)  values (2, 79, '교통', -7.9017349, 112.5632485, 'Makini Airport', 10, 7);
insert into place (place_id, place_area_code, place_category, place_map_x, place_map_y, place_name, place_rating, article_article_id)  values (3, 97, '레저', 14.4712676, 121.0441201, 'Brawley Municipal Airport', 6, 5);
insert into place (place_id, place_area_code, place_category, place_map_x, place_map_y, place_name, place_rating, article_article_id)  values (4, 24, '레저', 37.1228583, 69.1581192, 'Mataaho Airport', 5, 26);
insert into place (place_id, place_area_code, place_category, place_map_x, place_map_y, place_name, place_rating, article_article_id)  values (5, 77, '테마별 코스', 14.83302, 120.2805849, 'Changzhi Airport', 3, 1);
insert into place (place_id, place_area_code, place_category, place_map_x, place_map_y, place_name, place_rating, article_article_id)  values (6, 6, '관광지', -8.6250834, 118.7460373, 'Waca Airport', 4, 8);
insert into place (place_id, place_area_code, place_category, place_map_x, place_map_y, place_name, place_rating, article_article_id)  values (7, 98, '숙박', 19.6925744, -72.017927, 'Ekibastuz Airport', 3, 11);
insert into place (place_id, place_area_code, place_category, place_map_x, place_map_y, place_name, place_rating, article_article_id)  values (8, 38, '먹거리', 30.1321408, 31.1366715, 'Zhuhai Jinwan Airport', 3, 14);
insert into place (place_id, place_area_code, place_category, place_map_x, place_map_y, place_name, place_rating, article_article_id)  values (9, 85, '관광지', 7.450268, 8.6091961, 'Dalnerechensk Airport', 3, 24);
insert into place (place_id, place_area_code, place_category, place_map_x, place_map_y, place_name, place_rating, article_article_id)  values (10, 88, '먹거리', 13.0748, 123.703, 'Gorakhpur Airport', 5, 27);
insert into place (place_id, place_area_code, place_category, place_map_x, place_map_y, place_name, place_rating, article_article_id)  values (11, 16, '교통', 15.3098074, 120.8551691, 'Presidente Castro Pinto International Airport', 4, 8);
insert into place (place_id, place_area_code, place_category, place_map_x, place_map_y, place_name, place_rating, article_article_id)  values (12, 40, '레저', 40.0115285, -119.6962677, 'Barking Sands Airport', 3, 27);
insert into place (place_id, place_area_code, place_category, place_map_x, place_map_y, place_name, place_rating, article_article_id)  values (13, 26, '관광지', 50.7113724, 25.8291867, 'Nantes Atlantique Airport', 10, 11);
insert into place (place_id, place_area_code, place_category, place_map_x, place_map_y, place_name, place_rating, article_article_id)  values (14, 8, '교통', 4.7442679, 119.402976, 'Makoua Airport', 6, 19);
insert into place (place_id, place_area_code, place_category, place_map_x, place_map_y, place_name, place_rating, article_article_id)  values (15, 100, '먹거리', 35.0695474, 136.7835269, 'Presidente Nicolau Lobato International Airport', 7, 17);
insert into place (place_id, place_area_code, place_category, place_map_x, place_map_y, place_name, place_rating, article_article_id)  values (16, 31, '교통', 54.0474092, 38.404411, 'Idiofa Airport', 6, 4);
insert into place (place_id, place_area_code, place_category, place_map_x, place_map_y, place_name, place_rating, article_article_id)  values (17, 73, '교통', 59.82941, 30.1775921, 'Heathlands Airport', 6, 3);
insert into place (place_id, place_area_code, place_category, place_map_x, place_map_y, place_name, place_rating, article_article_id)  values (18, 53, '숙박', 34.9002535, 33.6231723, 'Songyuan Chaganhu Airport', 7, 17);
insert into place (place_id, place_area_code, place_category, place_map_x, place_map_y, place_name, place_rating, article_article_id)  values (19, 24, '관광지', 2.967008, 101.490712, 'Greenwood County Airport', 10, 20);
insert into place (place_id, place_area_code, place_category, place_map_x, place_map_y, place_name, place_rating, article_article_id)  values (20, 85, '숙박', 37.105382, 116.694361, 'Al Taqaddum Air Base', 10, 22);
insert into place (place_id, place_area_code, place_category, place_map_x, place_map_y, place_name, place_rating, article_article_id)  values (21, 50, '관광지', 33.25, 10.2, 'Pukaki Airport', 7, 27);
insert into place (place_id, place_area_code, place_category, place_map_x, place_map_y, place_name, place_rating, article_article_id)  values (22, 85, '테마별 코스', 47.4325252, 19.157136, 'Sandakan Airport', 9, 16);
insert into place (place_id, place_area_code, place_category, place_map_x, place_map_y, place_name, place_rating, article_article_id)  values (23, 75, '숙박', 28.426184, 112.166522, 'Craiova Airport', 6, 1);
insert into place (place_id, place_area_code, place_category, place_map_x, place_map_y, place_name, place_rating, article_article_id)  values (24, 30, '교통', 48.25, 118.2, 'Orlando International Airport', 5, 18);
insert into place (place_id, place_area_code, place_category, place_map_x, place_map_y, place_name, place_rating, article_article_id)  values (25, 27, '테마별 코스', -10.8812955, -75.0611147, 'Ceres Airport', 3, 20);
insert into place (place_id, place_area_code, place_category, place_map_x, place_map_y, place_name, place_rating, article_article_id)  values (26, 20, '관광지', 9.6026645, 122.4656415, 'Kashan Airport', 3, 2);
insert into place (place_id, place_area_code, place_category, place_map_x, place_map_y, place_name, place_rating, article_article_id)  values (27, 42, '교통', 45.44588, -73.7693013, 'Billy Mitchell Airport', 5, 1);
insert into place (place_id, place_area_code, place_category, place_map_x, place_map_y, place_name, place_rating, article_article_id)  values (28, 37, '테마별 코스', -12.753316, 45.2300515, 'Orang Airport', 9, 7);
insert into place (place_id, place_area_code, place_category, place_map_x, place_map_y, place_name, place_rating, article_article_id)  values (29, 8, '관광지', -33.863927, 151.201887, 'Kapal Airport', 1, 2);
insert into place (place_id, place_area_code, place_category, place_map_x, place_map_y, place_name, place_rating, article_article_id)  values (30, 7, '관광지', 26.5627867, 54.888679, 'Willow Airport', 10, 22);
insert into place (place_id, place_area_code, place_category, place_map_x, place_map_y, place_name, place_rating, article_article_id)  values (31, 74, '테마별 코스', 52.6738562, 41.7631303, 'Reykjahlíð Airport', 5, 15);
insert into place (place_id, place_area_code, place_category, place_map_x, place_map_y, place_name, place_rating, article_article_id)  values (32, 98, '테마별 코스', -10.182653, 123.583231, 'Telfer Airport', 10, 6);
commit;